-- User 
-- insert into organizationalentity (type,id,nom) values ('Account','admin','Administrateur SyndicEo');
-- insert into organizationalentity (type,id,nom) values ('Account','conseil','Conseil Syndical');
-- insert into organizationalentity (type,id,nom) values ('Account','gestionnaire','Gestionnaire SyndicEo');
-- insert into organizationalentity (type,id,nom) values ('Account','gestionnaire2','Gestionnaire SyndicEo');
-- insert into organizationalentity (type,id,nom) values ('Account','copro','Co-propriétaire');

-- Immeuble
-- insert into immeuble (numero,adresse,codes,gestionnaire_id,nointervention) values ('1','15 rue Jules Verne','XXX','gestionnaire',0);
-- insert into immeuble (numero,adresse,codes,gestionnaire_id,nointervention) values ('2','24 rue Perronet','XXX','gestionnaire',0);
-- insert into immeuble (numero,adresse,codes,gestionnaire_id,nointervention) values ('3','56 bvd Ménilmontant','XXX','gestionnaire2',0);

-- Affectations
-- insert into affectation (id,account_id,immeuble_numero,role_id) values (1,'admin',null,'r_administrateur');
-- insert into affectation (id,account_id,immeuble_numero,role_id) values (2,'conseil',1,'r_conseil');
-- insert into affectation (id,account_id,immeuble_numero,role_id) values (3,'gestionnaire',1,'r_gestionnaire');
-- insert into affectation (id,account_id,immeuble_numero,role_id) values (4,'gestionnaire',2,'r_gestionnaire');
-- insert into affectation (id,account_id,immeuble_numero,role_id) values (5,'copro',1,'r_copro');
-- insert into affectation (id,account_id,immeuble_numero,role_id) values (6,'gestionnaire2',3,'r_gestionnaire');

